{
  "images" : [
    {
      "filename" : "스크린샷 2022-08-24 오후 5.04.01.png",
      "idiom" : "universal",
      "scale" : "1x"
    },
    {
      "filename" : "스크린샷 2022-08-24 오후 5.04.01-1.png",
      "idiom" : "universal",
      "scale" : "2x"
    },
    {
      "filename" : "스크린샷 2022-08-24 오후 5.04.01-2.png",
      "idiom" : "universal",
      "scale" : "3x"
    }
  ],
  "info" : {
    "author" : "xcode",
    "version" : 1
  }
}
